processes,size,time
1,10,0.000293
1,20,0.000434
1,30,0.000406
1,40,0.007723
1,50,0.000471
1,60,0.000305
1,70,0.000372
1,80,0.00031
1,90,0.000392
1,100,0.000375
1,200,0.000321
1,300,0.000325
